<?xml version="1.0" encoding="utf-8" ?>
<resource type="dir" 
  path="/vrDir" 
  parentPath="" 
  content="">
	<resource type="file" name="Level1FileA.htm" title="Level1FileA" 
      path="/vrDir/Level1FileA.htm"
      parentPath="/vrDir" 
      content="This is the content of file Level1FileA.">
	</resource>
	<resource type="file" name="Level1FileB.htm"  title="Level1FileB"
      path="/vrDir/Level1FileB.htm"
      parentPath="/vrDir" 
      content="This is the content of file Level1FileB.">
	</resource>
	<resource type="dir"
      path="/vrDir/Level2DirA" 
      parentPath="/vrDir" 
      content="">
		<resource type="file" name="Level2FileA.htm"  title="Level2FileA"
		  path="/vrDir/Level2DirA/Level2FileA.htm" 
		  parentPath="/vrDir/Level2DirA" 
		  content="This is the content of file Level2FileA.">
		</resource>
		<resource type="file" name="Level2FileB.htm"  title="Level2FileB"
		  path="/vrDir/Level2DirA/Level2FileB.htm"
		  parentPath="/vrDir/Level2DirA" 
		  content="This is the content of file Level2FileB.">
		</resource>
	</resource>
	<resource type="dir" 
	  path="/vrDir/Level2DirB" 
	  parentPath="/vrDir" 
	  content="">
		<resource type="file" name="Level2FileA.htm"  title="Level2FileA"
		  path="/vrDir/Level2DirB/Level2FileA.htm" 
		  parentPath="/vrDir/Level2DirB" 
		  content="This is the content of file Level2FileA.">
		</resource>
		<resource type="file" name="Level2FileB.htm"  title="Level2DirB"
		  path="/vrDir/Level2DirB/Level2FileB.htm"
		  parentPath="/vrDir/Level2DirB" 
		  content="This is the content of file Level2FileB.">
		</resource>
	</resource>
</resource>